report_id,site_id,stream,date,lat,lon,diptera,basis,verification_method,verified_on,evidence_grade,evidence_score,independent_corroborations,trust_level
SP-1001,"coselhas@40.223,-8.405",Ribeira de Coselhas,2026-09-06,40.223,-8.405,not_seen,"Citizen all-clear (visual check), confirmed by an expert; not a trap or dip-sample survey",remote,2026-09-07,B,78,0,Expert-verified
SP-1004,"coselhas@40.223,-8.400",Ribeira de Coselhas,2026-09-06,40.223,-8.4,not_seen,"Citizen all-clear (visual check), confirmed by an expert; not a trap or dip-sample survey",remote,2026-09-07,A,86,0,Expert-verified
SP-1008,"coselhas@40.225,-8.411",Ribeira de Coselhas,2026-09-06,40.225,-8.411,not_seen,"Citizen all-clear (visual check), confirmed by an expert; not a trap or dip-sample survey",remote,2026-09-07,A,86,0,Expert-verified
SP-1019,"coselhas@40.222,-8.382",Ribeira de Coselhas,2026-09-09,40.222,-8.382,not_seen,"Citizen all-clear (visual check), confirmed by an expert; not a trap or dip-sample survey",field,2026-09-10,B,72,0,Expert-verified
SP-1020,"coselhas@40.225,-8.408",Ribeira de Coselhas,2026-09-09,40.225,-8.408,not_seen,"Citizen all-clear (visual check), confirmed by an expert; not a trap or dip-sample survey",field,2026-09-10,A,92,0,Expert-verified
SP-1028,"coselhas@40.224,-8.425",Ribeira de Coselhas,2026-09-11,40.224,-8.425,not_seen,"Citizen all-clear (visual check), confirmed by an expert; not a trap or dip-sample survey",remote,2026-09-12,A,86,0,Expert-verified
SP-1094,"coselhas@40.222,-8.429",Ribeira de Coselhas,2026-09-26,40.222,-8.429,not_seen,"Citizen all-clear (visual check), confirmed by an expert; not a trap or dip-sample survey",field,2026-09-27,A,86,0,Expert-verified
SP-1106,"coselhas@40.223,-8.406",Ribeira de Coselhas,2026-09-28,40.223,-8.406,not_seen,"Citizen all-clear (visual check), confirmed by an expert; not a trap or dip-sample survey",field,2026-09-29,B,78,0,Expert-verified
SP-1108,"coselhas@40.225,-8.415",Ribeira de Coselhas,2026-09-29,40.225,-8.415,not_seen,"Citizen all-clear (visual check), confirmed by an expert; not a trap or dip-sample survey",remote,2026-10-01,A,86,0,Expert-verified
SP-1109,"coselhas@40.226,-8.409",Ribeira de Coselhas,2026-09-29,40.226,-8.409,present,"Citizen report of high mosquito activity, confirmed by an expert",field,2026-09-30,A,86,2,Decision-grade
SP-1114,"coselhas@40.222,-8.402",Ribeira de Coselhas,2026-09-30,40.222,-8.402,not_seen,"Citizen all-clear (visual check), confirmed by an expert; not a trap or dip-sample survey",field,2026-09-30,A,91,0,Expert-verified
SP-1138,"coselhas@40.227,-8.410",Ribeira de Coselhas,2026-10-04,40.227,-8.41,present,"Citizen report of high mosquito activity, confirmed by an expert",field,2026-10-04,B,73,2,Decision-grade
